{
  "ingredientes": {
    "paes": [
      {
        "id": 1,
        "tipo": "Italiano Branco"
      },
      {
        "id": 2,
        "tipo": "3 Queijos"
      },
      {
        "id": 3,
        "tipo": "Parmesão e Orégano"
      },
      {
        "id": 4,
        "tipo": "Integral"
      }
    ],
    "carnes": [
      {
        "id": 1,
        "tipo": "Maminha"
      },
      {
        "id": 2,
        "tipo": "Alcatra"
      },
      {
        "id": 3,
        "tipo": "Picanha"
      },
      {
        "id": 4,
        "tipo": "Veggie burguer"
      }
    ],
    "opcionais": [
      {
        "id": 1,
        "tipo": "Bacon"
      },
      {
        "id": 2,
        "tipo": "Cheddar"
      },
      {
        "id": 3,
        "tipo": "Salame"
      },
      {
        "id": 4,
        "tipo": "Tomate"
      },
      {
        "id": 5,
        "tipo": "Cebola roxa"
      },
      {
        "id": 6,
        "tipo": "Pepino"
      }
    ]
  },
  "Status": [
    {
      "id": 1,
      "tipo": "Solicitado"
    },
    {
      "id": 2,
      "tipo": "Em produção"
    },
    {
      "id": 3,
      "tipo": "Finalizado"
    }
  ],
  "burguers": [
    {
      "nome": "Fulano",
      "carne": "Alcatra",
      "pao": "Italiano Branco",
      "opcionais": [
        "Bacon",
        "Cheddar"
      ],
      "status": "Finalizado",
      "id": 1
    }
  ]
}